title,channel_id,channel_link,likes,views,comments,duration,date,thumb,family_friend,extraction_date
Race Highlights | 2024 Italian Grand Prix,UCB_qr75-ydFVKSF9Dmo6izg,http://www.youtube.com/channel/UCB_qr75-ydFVKSF9Dmo6izg,125347,5372838,5200,00:08:14,2024-09-01T08:44:10-07:00,http://img.youtube.com/vi/sTmpbEYUba0/maxresdefault.jpg,1,2024-09-04
Sabrina Carpenter - Taste (Official Video),UC4mYKePIas5YgGfYZ2J2OxQ,http://www.youtube.com/channel/UC4mYKePIas5YgGfYZ2J2OxQ,2121271,48428080,64000,00:03:18,2024-08-23T07:00:08-07:00,http://img.youtube.com/vi/KEG7b851Ric/maxresdefault.jpg,1,2024-09-04
13 YOUTUBERS vs DESASTRES NATURAIS,UCPIQI08BxL0i9nES_uKajAA,http://www.youtube.com/channel/UCPIQI08BxL0i9nES_uKajAA,14719,293756,537,00:17:52,2024-09-02T07:00:07-07:00,http://img.youtube.com/vi/4V9xCVD7RWs/maxresdefault.jpg,1,2024-09-04
24 HORAS VIVENDO NA IDADE DAS PEDRAS *Deu confus√£o,UC63iwP6BtIjxB6xn1GKR6Lw,http://www.youtube.com/channel/UC63iwP6BtIjxB6xn1GKR6Lw,37083,1409871,2300,00:11:36,2024-09-03T08:00:50-07:00,http://img.youtube.com/vi/jr7oyFlcxKg/maxresdefault.jpg,1,2024-09-04
Patricia Abravanel fala pela primeira vez ap√≥s partida de Silvio Santos,UC-5npwFvOH9Mp_a15T0VT9g,http://www.youtube.com/channel/UC-5npwFvOH9Mp_a15T0VT9g,37654,939618,1800,00:07:33,2024-09-01T15:00:04-07:00,http://img.youtube.com/vi/8kji5g-qWoU/maxresdefault.jpg,1,2024-09-04
"Pega N√≥is, N√£o Pega N√£o - MC Tuto, MC Cebezinho e MC Kako (√Åudio Oficial) DJ Oreia",UC1erzuuEMuxBcKHEBTigaCg,http://www.youtube.com/channel/UC1erzuuEMuxBcKHEBTigaCg,50699,3393959,846,00:04:57,2024-08-19T17:04:20-07:00,http://img.youtube.com/vi/pNEj9LTu6QE/maxresdefault.jpg,1,2024-09-04
skibidi toilet 77 (part 2),UCsSsgPaZ2GSmO6il8Cb5iGA,http://www.youtube.com/channel/UCsSsgPaZ2GSmO6il8Cb5iGA,750184,14416916,56000,00:03:15,2024-08-31T10:00:49-07:00,http://img.youtube.com/vi/x1HMTr0mp8U/maxresdefault.jpg,1,2024-09-04
"Jorge &amp; Mateus, Henrique &amp; Juliano - Xonei (Clipe Oficial)",UCL64gn1KZ1C-u87BGQv3b6w,http://www.youtube.com/channel/UCL64gn1KZ1C-u87BGQv3b6w,108947,9021743,6200,00:02:38,2024-08-16T07:00:05-07:00,http://img.youtube.com/vi/a3FDFSMz5JQ/maxresdefault.jpg,1,2024-09-04
"NOIS J√Å T√Å RICO - MC IG, MC Ryan SP e Orochi (DJ Glenner, DJ Negret) Bad Boys",UCNUQK9mQoqi4yNXw2_Rj6SA,http://www.youtube.com/channel/UCNUQK9mQoqi4yNXw2_Rj6SA,57172,2500080,2300,00:04:43,2024-08-21T17:00:07-07:00,http://img.youtube.com/vi/_-BSqyx2XZc/maxresdefault.jpg,1,2024-09-04
Nattan e Melody - Eu Vou Sentar (DVD Estilo Nattanzinho),UC3EPFEI1TdOtPdDPS1nRt2w,http://www.youtube.com/channel/UC3EPFEI1TdOtPdDPS1nRt2w,31516,4284040,810,00:02:29,2024-08-23T06:59:17-07:00,http://img.youtube.com/vi/aKwDqCGhR58/maxresdefault.jpg,1,2024-09-04
MC Luuky - Nem Ligo pro Amor üíî (Clipe Oficial) Oldilla,UCG90vRbG7aMXu0nD0DQ2wFA,http://www.youtube.com/channel/UCG90vRbG7aMXu0nD0DQ2wFA,30865,929488,8600,00:02:54,2024-08-30T08:00:07-07:00,http://img.youtube.com/vi/aRu1y9A4orU/maxresdefault.jpg,1,2024-09-04
ADIVINHE SUA NAMORADA DE OLHOS VENDADOS *Deu ruim !,UC63iwP6BtIjxB6xn1GKR6Lw,http://www.youtube.com/channel/UC63iwP6BtIjxB6xn1GKR6Lw,53440,2146784,3400,00:15:17,2024-09-02T08:00:10-07:00,http://img.youtube.com/vi/EoSnASNNB2w/maxresdefault.jpg,1,2024-09-04
‚ÄúDragon Ball DAIMA‚Äù  The main Trailer / October 2024,UCLhgIX2L5ZCaWdlaxR_oTAg,http://www.youtube.com/channel/UCLhgIX2L5ZCaWdlaxR_oTAg,84028,1021003,6100,00:01:48,2024-09-03T18:00:19-07:00,http://img.youtube.com/vi/ezbYAglQoxI/maxresdefault.jpg,1,2024-09-04
"MC Hariel, MC Kelvinho, MC Tuto, MC Don Juan e MC Jo√£ozinho VT - Marola Estrangeira - FUNK SUPERA√á√ÉO",UCU06XOgERkQV7xCsrNLTf4Q,http://www.youtube.com/channel/UCU06XOgERkQV7xCsrNLTf4Q,28819,682299,544,00:06:52,2024-08-29T17:00:08-07:00,http://img.youtube.com/vi/nQ064CgTQxE/maxresdefault.jpg,1,2024-09-04
24 HORAS IMITANDO O LEOZIN *Sobrevivemos?,UC63iwP6BtIjxB6xn1GKR6Lw,http://www.youtube.com/channel/UC63iwP6BtIjxB6xn1GKR6Lw,102403,5809933,5000,00:10:53,2024-08-26T08:00:34-07:00,http://img.youtube.com/vi/XaEkHoMtc5Q/maxresdefault.jpg,1,2024-09-04
VASCO ACERTA COM MEIA SUI√áO E NOME APARECE NO BID | ZAGUEIRO N√ÉO VEM MAIS | CAF√â VASCA√çNO,UCmfCqii97QZdcQ6d5qyz4GA,http://www.youtube.com/channel/UCmfCqii97QZdcQ6d5qyz4GA,4226,37048,190,00:10:07,2024-09-03T02:00:12-07:00,http://img.youtube.com/vi/80QZfAfaY68/maxresdefault.jpg,1,2024-09-04
"Te Damos Gl√≥ria (Ao Vivo) - N√≠vea Soares, Gabriel Guedes",UCZfSPADOfrGs4ub5XLfywFQ,http://www.youtube.com/channel/UCZfSPADOfrGs4ub5XLfywFQ,3553,29175,174,00:06:30,2024-09-03T06:00:06-07:00,http://img.youtube.com/vi/WR3BMfR9_SA/maxresdefault.jpg,1,2024-09-04
Grupo Menos √© Mais - Cora√ß√£o Partido (Clipe Oficial),UCmkSzYG4ykYKFE4Ow0030zw,http://www.youtube.com/channel/UCmkSzYG4ykYKFE4Ow0030zw,59298,2594052,1500,00:03:14,2024-08-30T07:00:07-07:00,http://img.youtube.com/vi/n5wxZ_OBUXk/maxresdefault.jpg,1,2024-09-04
"BEM-VINDO, JAMAL LEWIS | SPFC PLAY",UCX3zTAsEoZ61rQMYb_08Tow,http://www.youtube.com/channel/UCX3zTAsEoZ61rQMYb_08Tow,4377,33997,199,00:00:46,2024-09-02T18:21:51-07:00,http://img.youtube.com/vi/5Qgyf243pBA/maxresdefault.jpg,1,2024-09-04
Voc√™ consegue construir a base MAIS segura do Minecraft?,UCgrFZP2B8H6pWgPL1bAqkiQ,http://www.youtube.com/channel/UCgrFZP2B8H6pWgPL1bAqkiQ,23471,1019072,691,00:50:34,2024-08-23T05:00:06-07:00,http://img.youtube.com/vi/5reGZ-NJG7w/maxresdefault.jpg,1,2024-09-04
"MC IG, MC RYAN SP, MC HARIEL - QUER FALAR O QUE? (DJ MURILLO E LT, FEPACHE) [FAIXA 07 - BAD BOYS]",UCYLWk7x2Jg9CRD71MnPRTOg,http://www.youtube.com/channel/UCYLWk7x2Jg9CRD71MnPRTOg,29980,1449303,1100,00:05:30,2024-08-21T17:00:06-07:00,http://img.youtube.com/vi/JJRuIndvE4w/maxresdefault.jpg,1,2024-09-04
GR√äMIO 2 X 3 ATL√âTICO-MG | MELHORES MOMENTOS | 25¬™ RODADA BRASILEIR√ÉO 2024 | ge.globo,UCgCKagVhzGnZcuP9bSMgMCg,http://www.youtube.com/channel/UCgCKagVhzGnZcuP9bSMgMCg,27011,907499,3300,00:03:31,2024-09-01T09:19:27-07:00,http://img.youtube.com/vi/ByQNok9lxnQ/maxresdefault.jpg,1,2024-09-04
O MURDER EST√Å DE F√âRIAS NA PRAIA! (Murder Mystery 2),UCEOGSdXwcXcNfcuDGbjmgOw,http://www.youtube.com/channel/UCEOGSdXwcXcNfcuDGbjmgOw,30263,565989,3500,00:12:48,2024-09-01T07:00:18-07:00,http://img.youtube.com/vi/LoCGtNYitJY/maxresdefault.jpg,1,2024-09-04
O mist√©rio do jogo mais macabro do Roblox,UCo-SyplR7M1ZC1w0YhwMa8w,http://www.youtube.com/channel/UCo-SyplR7M1ZC1w0YhwMa8w,57469,646149,2100,00:41:50,2024-08-30T15:29:43-07:00,http://img.youtube.com/vi/XoCeJhACk8E/maxresdefault.jpg,1,2024-09-04
Gabriela Rocha - Deus Est√° Aqui (Medley) (Ao Vivo),UC4t2mdI8uAiJDJSRjiWJT1Q,http://www.youtube.com/channel/UC4t2mdI8uAiJDJSRjiWJT1Q,48952,1028716,1700,00:04:42,2024-08-26T13:00:07-07:00,http://img.youtube.com/vi/2Xs4Qq_wr3k/maxresdefault.jpg,1,2024-09-04
"Build The Deadliest Toy Car, Win $1,000!",UClQ3NafOy_42dJ0toK3QUKw,http://www.youtube.com/channel/UClQ3NafOy_42dJ0toK3QUKw,102212,7351803,3900,00:40:23,2024-09-01T11:22:57-07:00,http://img.youtube.com/vi/S3UQfZWNTpY/maxresdefault.jpg,1,2024-09-04
1 Gol com Cada Letra do Alfabeto,UCD9cMUkHNW380sh3_YedolA,http://www.youtube.com/channel/UCD9cMUkHNW380sh3_YedolA,5541,223075,204,00:39:16,2024-09-02T14:00:07-07:00,http://img.youtube.com/vi/XTVaghMzn9U/maxresdefault.jpg,1,2024-09-04
Fernandinho + @IsaiasSaadOfficial | Estou Procurando (√Ålbum √önico Ac√∫stico),UCH1U29foC-5RyAa4ZgkuQYA,http://www.youtube.com/channel/UCH1U29foC-5RyAa4ZgkuQYA,4698,37306,118,00:04:19,2024-09-03T08:00:08-07:00,http://img.youtube.com/vi/Uu8Jgo_ubiA/maxresdefault.jpg,1,2024-09-04
Fernandinho + @MidianLimaOficial | Brasa Viva (√Ålbum √önico Ac√∫stico),UCH1U29foC-5RyAa4ZgkuQYA,http://www.youtube.com/channel/UCH1U29foC-5RyAa4ZgkuQYA,9662,115940,278,00:06:53,2024-09-02T08:00:07-07:00,http://img.youtube.com/vi/DN8BrYaiGVI/maxresdefault.jpg,1,2024-09-04
BEM-VINDO SANTIAGO LONGO | SPFC PLAY,UCX3zTAsEoZ61rQMYb_08Tow,http://www.youtube.com/channel/UCX3zTAsEoZ61rQMYb_08Tow,4661,46376,222,00:00:55,2024-09-02T18:27:36-07:00,http://img.youtube.com/vi/cuRoiVnaanA/maxresdefault.jpg,1,2024-09-04
A hist√≥ria das traps no Minecraft,UCghoGp6lvf3Lfu9cYdfIqtw,http://www.youtube.com/channel/UCghoGp6lvf3Lfu9cYdfIqtw,13477,249487,803,00:18:17,2024-08-31T19:54:09-07:00,http://img.youtube.com/vi/OSjY_wCnv1s/maxresdefault.jpg,1,2024-09-04
COMO ESSA UNI√ÉO DESTRUIU O SERVIDOR,UCJIl6Ahgkfwg1DRYcg-kY3g,http://www.youtube.com/channel/UCJIl6Ahgkfwg1DRYcg-kY3g,24570,513762,1700,00:16:29,2024-09-02T05:30:04-07:00,http://img.youtube.com/vi/5zzIgWDENO8/maxresdefault.jpg,1,2024-09-04
üíôü¶ä BASTIDORES | Cruzeiro vence o Atl√©tico-GO em casa e sobe na tabela do Brasileir√£o!,UCqifkpdmE1z3VhfQoJzwpJQ,http://www.youtube.com/channel/UCqifkpdmE1z3VhfQoJzwpJQ,9296,74396,298,00:21:09,2024-09-02T15:21:07-07:00,http://img.youtube.com/vi/bYSYN65D1wk/maxresdefault.jpg,1,2024-09-04
P√£ozinho de Milho - Receita F√°cil da Padaria Sem Segredos,UCvrdV0gI6sYTz3BZTVRZvYw,http://www.youtube.com/channel/UCvrdV0gI6sYTz3BZTVRZvYw,3632,29185,239,00:15:05,2024-09-03T15:27:04-07:00,http://img.youtube.com/vi/QWgpFu9_LVM/maxresdefault.jpg,1,2024-09-04
"MANO BROWN, MC IG, MC PH, MC RYAN SP (DJ GLENNER) [FAIXA 01 - BAD BOYS]",UCYLWk7x2Jg9CRD71MnPRTOg,http://www.youtube.com/channel/UCYLWk7x2Jg9CRD71MnPRTOg,49930,1691960,1500,00:05:51,2024-08-21T17:00:06-07:00,http://img.youtube.com/vi/KPY1lpzY6Gg/maxresdefault.jpg,1,2024-09-04
Desc√∫brelo TODO sobre nosotros. ¬øQui√©n ganar√°?,UCtxD0x6AuNNqdXO9Wp5GHew,http://www.youtube.com/channel/UCtxD0x6AuNNqdXO9Wp5GHew,3710687,43377767,202000,00:02:55,2024-08-21T06:12:46-07:00,http://img.youtube.com/vi/I74FAkaL1Fk/maxresdefault.jpg,1,2024-09-04
Goleiro Hugo se emociona com palavras de Craque Neto sobre Corinthians,UC896QaWKoSGdZTmy9rHyU_g,http://www.youtube.com/channel/UC896QaWKoSGdZTmy9rHyU_g,15010,386768,620,00:12:41,2024-09-01T16:12:03-07:00,http://img.youtube.com/vi/0nn9R-yNxkQ/maxresdefault.jpg,1,2024-09-04
Epic Tabletop RPG Adventure Awaits! Clash of Clans New Season,UCD1Em4q90ZUK2R5HKesszJg,http://www.youtube.com/channel/UCD1Em4q90ZUK2R5HKesszJg,80014,4857637,5300,00:00:53,2024-09-01T01:00:05-07:00,http://img.youtube.com/vi/ak6acH-vhvc/maxresdefault.jpg,1,2024-09-04
ZERANDO O MINECRAFT AO CONTR√ÅRIO (Em dupla),UCukwGwBD-pAbGzoJo6ZXPtQ,http://www.youtube.com/channel/UCukwGwBD-pAbGzoJo6ZXPtQ,51478,2130770,1600,00:34:37,2024-08-23T05:00:31-07:00,http://img.youtube.com/vi/KLIpmGpzVgE/maxresdefault.jpg,1,2024-09-04
"$1 vs $20,000 Football Seats",UCop6604O_QwmEum6e0Riz2w,http://www.youtube.com/channel/UCop6604O_QwmEum6e0Riz2w,114917,8922554,3300,00:32:25,2024-08-24T05:00:39-07:00,http://img.youtube.com/vi/_9LXdVwoHmU/maxresdefault.jpg,1,2024-09-04
CASIMIRO REAGE: GOLS DO BRASILEIR√ÉO 2024 - RODADA 25 | Cortes do Casimito,UC4aiJNDUviw_vMhdCq5Kq1Q,http://www.youtube.com/channel/UC4aiJNDUviw_vMhdCq5Kq1Q,19834,227166,434,00:27:08,2024-09-02T04:45:05-07:00,http://img.youtube.com/vi/qry79w0UcPk/maxresdefault.jpg,1,2024-09-04
"Furou o bal√£o, TROCOU A GAROTA | Ep. 3",UCWwE79E_-in6WnX9qm2oFcw,http://www.youtube.com/channel/UCWwE79E_-in6WnX9qm2oFcw,141937,2630530,5600,00:30:03,2024-08-29T14:28:51-07:00,http://img.youtube.com/vi/OeIUnkScjFo/maxresdefault.jpg,1,2024-09-04
CASIMIRO ANALISANDO A PARTE DE BAIXO DA TABELA DO BRASILEIR√ÉO 2024 (02/09) | Cortes do Casimito,UC4aiJNDUviw_vMhdCq5Kq1Q,http://www.youtube.com/channel/UC4aiJNDUviw_vMhdCq5Kq1Q,10242,104073,165,00:04:15,2024-09-03T04:30:20-07:00,http://img.youtube.com/vi/_sjVcZoqXF8/maxresdefault.jpg,1,2024-09-04
"Pabllo Vittar, Forroz√£o Tropyk√°lia, Mara Pavanelly - Planeta De Cores (Visualizer)",UCugD1HAP3INAiXo70S_sAFQ,http://www.youtube.com/channel/UCugD1HAP3INAiXo70S_sAFQ,18898,89666,1900,00:03:35,2024-09-03T17:00:08-07:00,http://img.youtube.com/vi/9v_1JrTA4jI/maxresdefault.jpg,1,2024-09-04
FALHA DE COBERTURA #229: Sempre √â Poss√≠vel Perder,UC033rpv7OKk-QYfrvwl5s8Q,http://www.youtube.com/channel/UC033rpv7OKk-QYfrvwl5s8Q,23619,136586,1000,00:29:28,2024-09-02T15:44:04-07:00,http://img.youtube.com/vi/mNaUIP8wQ34/maxresdefault.jpg,1,2024-09-04
PASSAMOS 100 HORAS BRIGANDO *Grupo dos rosa,UC63iwP6BtIjxB6xn1GKR6Lw,http://www.youtube.com/channel/UC63iwP6BtIjxB6xn1GKR6Lw,89465,3338959,5000,00:09:55,2024-08-30T08:01:03-07:00,http://img.youtube.com/vi/udKHuARqBmQ/maxresdefault.jpg,1,2024-09-04
PROVANDO MIOJOS EX√ìTICOS (extremo),UCV306eHqgo0LvBf3Mh36AHg,http://www.youtube.com/channel/UCV306eHqgo0LvBf3Mh36AHg,72607,746649,1300,00:29:12,2024-09-02T06:00:59-07:00,http://img.youtube.com/vi/qpGvi2_HBaA/maxresdefault.jpg,1,2024-09-04
A Pra√ßa √© Nossa homenageia Silvio Santos | Reveja nossa estreia no SBT,UCMUcTceXYCuCyGTNMNvc1qQ,http://www.youtube.com/channel/UCMUcTceXYCuCyGTNMNvc1qQ,106934,2700807,4100,01:09:48,2024-08-23T11:11:36-07:00,http://img.youtube.com/vi/6wlO9wVLn98/maxresdefault.jpg,1,2024-09-04
Ainda Estou Aqui | Trailer | Em breve nos cinemas,UC9NXpIA01HVRhYgcEbs80Nw,http://www.youtube.com/channel/UC9NXpIA01HVRhYgcEbs80Nw,4119,136454,212,00:01:10,2024-09-02T06:36:54-07:00,http://img.youtube.com/vi/PYnMAObH8NY/maxresdefault.jpg,1,2024-09-04
"PINDUCA vs BRAND√ÉO ??? PAPO RETO, SEM NOVELA! | RAFAEL BRAND√ÉO",UC5BW1WJ3ioahNzFUBdJ7cLQ,http://www.youtube.com/channel/UC5BW1WJ3ioahNzFUBdJ7cLQ,14866,128398,568,00:10:22,2024-09-02T15:12:07-07:00,http://img.youtube.com/vi/TPY6mUVCqyw/maxresdefault.jpg,1,2024-09-04
LE SSERAFIM (Î•¥ÏÑ∏ÎùºÌïå) 'CRAZY' OFFICIAL MV,UC3IZKseVpdzPSBaWxBxundA,http://www.youtube.com/channel/UC3IZKseVpdzPSBaWxBxundA,679876,36631508,43000,00:02:50,2024-08-29T20:58:08-07:00,http://img.youtube.com/vi/n6B5gQXlB-0/maxresdefault.jpg,1,2024-09-04
üí•Xuxa recontratada da Globo; Nadja ‚Äúde volta‚Äù √† Fazenda; BBB25 mais longo; Clim√£o Virgina x Eliana,UC0LlPl_mWhIFqVxcH1l3xpQ,http://www.youtube.com/channel/UC0LlPl_mWhIFqVxcH1l3xpQ,10754,94001,238,00:52:05,2024-09-03T16:58:33-07:00,http://img.youtube.com/vi/zlpNSCFjqzo/maxresdefault.jpg,1,2024-09-04
AO VIVO E COM IMAGENS: REMO X BOTAFOGO | RODADA 01| SEGUNDA FASE | S√âRIE C 2024,UCMcc9elPZGpg6eU4i3YaCpA,http://www.youtube.com/channel/UCMcc9elPZGpg6eU4i3YaCpA,28759,717252,49,02:58:35,2024-08-31T15:54:55-07:00,http://img.youtube.com/vi/-aBbwoq9_Eo/maxresdefault.jpg,1,2024-09-04
Roda Viva | Pablo Mar√ßal | 02/09/2024,UCNVsZnDXOM4PodYIEgM2e4w,http://www.youtube.com/channel/UCNVsZnDXOM4PodYIEgM2e4w,162865,3324208,41000,01:37:35,2024-09-02T19:58:36-07:00,http://img.youtube.com/vi/gB9mCEaCPIc/maxresdefault.jpg,1,2024-09-04
Coloquei detalhes em madeira e alterei a cor! Fuscapicape,UC1Uc7VKcHGDSMxNnztQlHSA,http://www.youtube.com/channel/UC1Uc7VKcHGDSMxNnztQlHSA,14825,128208,1300,00:17:33,2024-09-02T14:30:01-07:00,http://img.youtube.com/vi/EowJbuGXuXk/maxresdefault.jpg,1,2024-09-04
COMO MEU TATARATATARATATARAV√î FICOU MILION√ÅRIO H√Å 500 ANOS ATR√ÅS!,UCIXguhHCl8eDTkXpEuiGPUA,http://www.youtube.com/channel/UCIXguhHCl8eDTkXpEuiGPUA,72397,958880,4200,00:25:28,2024-09-03T08:12:40-07:00,http://img.youtube.com/vi/rWdEyRpe2ek/maxresdefault.jpg,1,2024-09-04
"If You Clean It, You Keep It!",UClQ3NafOy_42dJ0toK3QUKw,http://www.youtube.com/channel/UClQ3NafOy_42dJ0toK3QUKw,457211,32929216,21000,00:46:07,2024-08-20T11:38:45-07:00,http://img.youtube.com/vi/tehvSP4WJmQ/maxresdefault.jpg,1,2024-09-04
"Victoria, Anitta - GET UP B*TCH! shake ya ass (with Anitta) (Official Video)",UCTbp-9j8d7KanfWwCfY0bqg,http://www.youtube.com/channel/UCTbp-9j8d7KanfWwCfY0bqg,91343,1202196,9100,00:04:14,2024-08-29T15:00:06-07:00,http://img.youtube.com/vi/-RYC77nQKAE/maxresdefault.jpg,1,2024-09-04
DESTRUINDO O PC DA MINHA NAMORADA!,UCJO_H1wW8zWTA1yHVy2s-Fw,http://www.youtube.com/channel/UCJO_H1wW8zWTA1yHVy2s-Fw,18772,169065,867,00:31:48,2024-08-31T13:00:06-07:00,http://img.youtube.com/vi/7HEYVtyNd3s/maxresdefault.jpg,1,2024-09-04
"MC Cebezinho, MC Tuto, MC Kako - A Danada Me Ligando  - PEGA N√ìS, N√ÉO PEGA N√ÉO - DJ OREIA",UCEpCeCLUp6Oy75p7WixzjcA,http://www.youtube.com/channel/UCEpCeCLUp6Oy75p7WixzjcA,93893,3998706,1300,00:04:47,2024-08-28T08:00:08-07:00,http://img.youtube.com/vi/Ps042FNImds/maxresdefault.jpg,1,2024-09-04
"Mbapp√© DESENCANTA, Real Madrid ofusca estreia de Vitor Roque no Betis e volta a vencer em LALIGA",UCw5-xj3AKqEizC7MvHaIPqA,http://www.youtube.com/channel/UCw5-xj3AKqEizC7MvHaIPqA,101278,2305002,4000,00:10:28,2024-09-01T15:14:06-07:00,http://img.youtube.com/vi/aS3h_onwb0E/maxresdefault.jpg,1,2024-09-04
"Salah d√° show, Luis D√≠az tamb√©m brilha, e Liverpool vence o Manchester United pela Premier League",UCw5-xj3AKqEizC7MvHaIPqA,http://www.youtube.com/channel/UCw5-xj3AKqEizC7MvHaIPqA,40291,887096,2400,00:10:16,2024-09-01T10:21:37-07:00,http://img.youtube.com/vi/dVnc3pjF59s/maxresdefault.jpg,1,2024-09-04
Bastidores | Corinthians 2 x 1 Flamengo | Brasileir√£o 2024,UCqRraVICLr0asn90cAvkIZQ,http://www.youtube.com/channel/UCqRraVICLr0asn90cAvkIZQ,33544,265116,1700,00:19:21,2024-09-02T18:03:14-07:00,http://img.youtube.com/vi/7YIJZ_YJKd4/maxresdefault.jpg,1,2024-09-04
Endrick faz gol em ESTREIA DOS SONHOS pelo Real Madrid e DECRETA vit√≥ria sobre time de Ronaldo,UCw5-xj3AKqEizC7MvHaIPqA,http://www.youtube.com/channel/UCw5-xj3AKqEizC7MvHaIPqA,155388,3612879,9800,00:10:10,2024-08-25T10:39:15-07:00,http://img.youtube.com/vi/J5Yn_NZi0g0/maxresdefault.jpg,1,2024-09-04
CORINTHIANS 2 X 1 FLAMENGO | MELHORES MOMENTOS | 25¬™ RODADA BRASILEIR√ÉO 2024 | ge.globo,UCgCKagVhzGnZcuP9bSMgMCg,http://www.youtube.com/channel/UCgCKagVhzGnZcuP9bSMgMCg,46796,1383220,3600,00:03:57,2024-09-01T14:38:26-07:00,http://img.youtube.com/vi/0OLuPL3ul3A/maxresdefault.jpg,1,2024-09-04
BASTIDORES | VIT√ìRIA 0 X 1 VASCO | VASCOTV,UCZD5qcen7lbLPFTjfvdLFcw,http://www.youtube.com/channel/UCZD5qcen7lbLPFTjfvdLFcw,13963,109055,404,00:12:37,2024-09-02T16:00:07-07:00,http://img.youtube.com/vi/4VVJNWXrID4/maxresdefault.jpg,1,2024-09-04
Bastidores | Botafogo 2x0 Fortaleza | Brasileir√£o,UCFxjZDrLCOCHkUCu632AmMQ,http://www.youtube.com/channel/UCFxjZDrLCOCHkUCu632AmMQ,10334,81743,411,00:20:04,2024-09-02T12:00:21-07:00,http://img.youtube.com/vi/IF4NZWmyOMg/maxresdefault.jpg,1,2024-09-04
"WELCOME TO THE FAMILY, MOE! (Brawl Stars Animation)",UCooVYzDxdwTtGYAkcPmOgOw,http://www.youtube.com/channel/UCooVYzDxdwTtGYAkcPmOgOw,304239,11563666,11000,00:00:39,2024-08-29T01:16:15-07:00,http://img.youtube.com/vi/nkv5GsbUUfQ/maxresdefault.jpg,1,2024-09-04
ENDR1K √â O MELHOR BRASILEIRO ATUANDO NA EUROPA! TEVE GOLA√áO DA J√ìIA BRASILEIRA NA VIT√ìRIA DO RE4L,UClHJ7hWP-oGSOlZyeuqyBww,http://www.youtube.com/channel/UClHJ7hWP-oGSOlZyeuqyBww,15474,1213031,632,00:08:31,2024-08-31T14:42:57-07:00,http://img.youtube.com/vi/FCFW-UOifNk/maxresdefault.jpg,1,2024-09-04
Luan Santana - CLONE (Ao Vivo na Lua),UC6rwiIxv0w2fbmmr66wl1rA,http://www.youtube.com/channel/UC6rwiIxv0w2fbmmr66wl1rA,44816,5297001,3000,00:02:44,2024-08-23T08:00:06-07:00,http://img.youtube.com/vi/7sqvbH_ONcc/maxresdefault.jpg,1,2024-09-04
BRUSQUE X SPORT | BRASILEIR√ÉO S√âRIE B 2024 | AO VIVO E COM IMAGENS,UC_oToDrJ6uca7d1dFVBmLtg,http://www.youtube.com/channel/UC_oToDrJ6uca7d1dFVBmLtg,27160,688807,14,02:34:10,2024-08-27T19:20:27-07:00,http://img.youtube.com/vi/q8AnjOnZSH4/maxresdefault.jpg,1,2024-09-04
Um Novo Come√ßo,UCSRhHqL5nIlhyt1-LIzsXJA,http://www.youtube.com/channel/UCSRhHqL5nIlhyt1-LIzsXJA,69894,567147,11000,00:02:13,2024-09-01T08:00:07-07:00,http://img.youtube.com/vi/WqT8LnucCEI/maxresdefault.jpg,1,2024-09-04
MC Daniel - N√ÉO PARA  feat. Ludmilla (CLIPE OFICIAL),UCwnSOhrpJLe-bwARGDMQEVA,http://www.youtube.com/channel/UCwnSOhrpJLe-bwARGDMQEVA,30253,946945,1000,00:02:17,2024-08-27T16:00:07-07:00,http://img.youtube.com/vi/i6OoPQ9lZu0/maxresdefault.jpg,1,2024-09-04
INVENTA ALGUMA COISA,UCEWHPFNilsT0IfQfutVzsag,http://www.youtube.com/channel/UCEWHPFNilsT0IfQfutVzsag,22725,262036,215,00:03:22,2024-09-02T07:00:15-07:00,http://img.youtube.com/vi/K3qZZ0VjFo4/maxresdefault.jpg,1,2024-09-04
ESCAPE DA PRIS√ÉO DA FAM√çLIA RYLEI DIVERTIDA MENTE 2 no ROBLOX..,UCTpxFPoPp7U6zJ2J2vhAPNg,http://www.youtube.com/channel/UCTpxFPoPp7U6zJ2J2vhAPNg,2302,117350,85,00:20:48,2024-09-02T13:01:54-07:00,http://img.youtube.com/vi/9zFCmnA_14k/maxresdefault.jpg,1,2024-09-04
Debate Prefeitura de S√£o Paulo - 1¬∫ Turno - Completo - TV Gazeta (01/09/2024),UCNl_i-ggJbZNyOLlhE7yyhw,http://www.youtube.com/channel/UCNl_i-ggJbZNyOLlhE7yyhw,98090,2783927,15000,02:35:38,2024-09-01T17:11:34-07:00,http://img.youtube.com/vi/8_13HMgZGiM/maxresdefault.jpg,1,2024-09-04
FLUTV - BASTIDORES - FLUMINENSE 2 X 0 S√ÉO PAULO - CAMPEONATO BRASILEIRO 2024,UCAAPXtnzlg9krw6MtNbfR-g,http://www.youtube.com/channel/UCAAPXtnzlg9krw6MtNbfR-g,7115,54938,211,00:14:09,2024-09-03T06:30:16-07:00,http://img.youtube.com/vi/ivXL9DDEh8s/maxresdefault.jpg,1,2024-09-04
Fui buscar meu carro novo üî• * 0 km *,UCxXe1Bjpw5Y00YzqZc6CGRw,http://www.youtube.com/channel/UCxXe1Bjpw5Y00YzqZc6CGRw,14146,177505,218,00:20:58,2024-08-31T14:28:28-07:00,http://img.youtube.com/vi/T-c3qxML4Fw/maxresdefault.jpg,1,2024-09-02
Endrick faz gol em ESTREIA DOS SONHOS pelo Real Madrid e DECRETA vit√≥ria sobre time de Ronaldo,UCw5-xj3AKqEizC7MvHaIPqA,http://www.youtube.com/channel/UCw5-xj3AKqEizC7MvHaIPqA,155162,3593690,9800,00:10:10,2024-08-25T10:39:15-07:00,http://img.youtube.com/vi/J5Yn_NZi0g0/maxresdefault.jpg,1,2024-09-02
Jogos que Realmente te d√£o Robux,UC8cP4kV1GIbxRH-mlilSniQ,http://www.youtube.com/channel/UC8cP4kV1GIbxRH-mlilSniQ,3959,124936,215,00:11:12,2024-08-31T10:00:11-07:00,http://img.youtube.com/vi/9er969ImVF8/maxresdefault.jpg,1,2024-09-02
Epic Tabletop RPG Adventure Awaits! Clash of Clans New Season,UCD1Em4q90ZUK2R5HKesszJg,http://www.youtube.com/channel/UCD1Em4q90ZUK2R5HKesszJg,75248,4350188,4600,00:00:53,2024-09-01T01:00:05-07:00,http://img.youtube.com/vi/ak6acH-vhvc/maxresdefault.jpg,1,2024-09-02
Goleiro Hugo se emociona com palavras de Craque Neto sobre Corinthians,UC896QaWKoSGdZTmy9rHyU_g,http://www.youtube.com/channel/UC896QaWKoSGdZTmy9rHyU_g,12593,307471,511,00:12:41,2024-09-01T16:12:03-07:00,http://img.youtube.com/vi/0nn9R-yNxkQ/maxresdefault.jpg,1,2024-09-02
COMO ESSA UNI√ÉO DESTRUIU O SERVIDOR,UCJIl6Ahgkfwg1DRYcg-kY3g,http://www.youtube.com/channel/UCJIl6Ahgkfwg1DRYcg-kY3g,17205,260302,1200,00:16:29,2024-09-02T05:30:04-07:00,http://img.youtube.com/vi/5zzIgWDENO8/maxresdefault.jpg,1,2024-09-02
Liniker - CAJU (Visual Experience),UCi0dHgtTQ4CNqq_c-8TEYzQ,http://www.youtube.com/channel/UCi0dHgtTQ4CNqq_c-8TEYzQ,3544,94121,82,00:04:31,2024-08-30T14:02:21-07:00,http://img.youtube.com/vi/9nbYJm9FYa0/maxresdefault.jpg,1,2024-09-02
ADIVINHE SUA NAMORADA DE OLHOS VENDADOS *Deu ruim !,UC63iwP6BtIjxB6xn1GKR6Lw,http://www.youtube.com/channel/UC63iwP6BtIjxB6xn1GKR6Lw,31054,792149,2200,00:15:17,2024-09-02T08:00:10-07:00,http://img.youtube.com/vi/EoSnASNNB2w/maxresdefault.jpg,1,2024-09-02
Sued Silva | Reacende a Chama [Clipe Oficial],UCpf5YXmzGHC4m5uLCdlrrfA,http://www.youtube.com/channel/UCpf5YXmzGHC4m5uLCdlrrfA,66111,1928619,1900,00:10:05,2024-08-20T08:00:29-07:00,http://img.youtube.com/vi/MfzYPahyqYo/maxresdefault.jpg,1,2024-09-02
Desc√∫brelo TODO sobre nosotros. ¬øQui√©n ganar√°?,UCtxD0x6AuNNqdXO9Wp5GHew,http://www.youtube.com/channel/UCtxD0x6AuNNqdXO9Wp5GHew,3698950,43123955,202000,00:02:55,2024-08-21T06:12:46-07:00,http://img.youtube.com/vi/I74FAkaL1Fk/maxresdefault.jpg,1,2024-09-02
Um Novo Come√ßo,UCSRhHqL5nIlhyt1-LIzsXJA,http://www.youtube.com/channel/UCSRhHqL5nIlhyt1-LIzsXJA,65918,494521,10000,00:02:13,2024-09-01T08:00:07-07:00,http://img.youtube.com/vi/WqT8LnucCEI/maxresdefault.jpg,1,2024-09-02
"Furou o bal√£o, TROCOU A GAROTA | Ep. 3",UCWwE79E_-in6WnX9qm2oFcw,http://www.youtube.com/channel/UCWwE79E_-in6WnX9qm2oFcw,125693,2224694,5100,00:30:03,2024-08-29T14:28:51-07:00,http://img.youtube.com/vi/OeIUnkScjFo/maxresdefault.jpg,1,2024-09-02
FIZ UMA TIROLESA GIGANTE NO LAGO DA FAZENDA,UC_XGgRFoktKUXZVD1_tp7EA,http://www.youtube.com/channel/UC_XGgRFoktKUXZVD1_tp7EA,18133,231590,197,00:09:14,2024-09-01T13:00:02-07:00,http://img.youtube.com/vi/56QckdcoAM8/maxresdefault.jpg,1,2024-09-02
Ainda Estou Aqui | Trailer | Em breve nos cinemas,UC9NXpIA01HVRhYgcEbs80Nw,http://www.youtube.com/channel/UC9NXpIA01HVRhYgcEbs80Nw,2649,42308,132,00:01:10,2024-09-02T06:36:54-07:00,http://img.youtube.com/vi/PYnMAObH8NY/maxresdefault.jpg,1,2024-09-02
LE SSERAFIM (Î•¥ÏÑ∏ÎùºÌïå) 'CRAZY' OFFICIAL MV,UC3IZKseVpdzPSBaWxBxundA,http://www.youtube.com/channel/UC3IZKseVpdzPSBaWxBxundA,640874,31216082,40000,00:02:50,2024-08-29T20:58:08-07:00,http://img.youtube.com/vi/n6B5gQXlB-0/maxresdefault.jpg,1,2024-09-02
A Pra√ßa √© Nossa homenageia Silvio Santos | Reveja nossa estreia no SBT,UCMUcTceXYCuCyGTNMNvc1qQ,http://www.youtube.com/channel/UCMUcTceXYCuCyGTNMNvc1qQ,104481,2619828,4000,01:09:48,2024-08-23T11:11:36-07:00,http://img.youtube.com/vi/6wlO9wVLn98/maxresdefault.jpg,1,2024-09-02
CASIMIRO REAGE: GOLS DO BRASILEIR√ÉO 2024 - RODADA 25 | Cortes do Casimito,UC4aiJNDUviw_vMhdCq5Kq1Q,http://www.youtube.com/channel/UC4aiJNDUviw_vMhdCq5Kq1Q,12706,103183,365,00:27:08,2024-09-02T04:45:05-07:00,http://img.youtube.com/vi/qry79w0UcPk/maxresdefault.jpg,1,2024-09-02
Gabriela Rocha - Deus Est√° Aqui (Medley) (Ao Vivo),UC4t2mdI8uAiJDJSRjiWJT1Q,http://www.youtube.com/channel/UC4t2mdI8uAiJDJSRjiWJT1Q,46964,898257,1600,00:04:42,2024-08-26T13:00:07-07:00,http://img.youtube.com/vi/2Xs4Qq_wr3k/maxresdefault.jpg,1,2024-09-02
"Salah d√° show, Luis D√≠az tamb√©m brilha, e Liverpool vence o Manchester United pela Premier League",UCw5-xj3AKqEizC7MvHaIPqA,http://www.youtube.com/channel/UCw5-xj3AKqEizC7MvHaIPqA,35211,732194,2300,00:10:16,2024-09-01T10:21:37-07:00,http://img.youtube.com/vi/dVnc3pjF59s/maxresdefault.jpg,1,2024-09-02
Beatriz Haddad Maia vs. Anna Kalinskaya Highlights | 2024 US Open Round 3,UCXbboag48Qlr78zzz6SkzkQ,http://www.youtube.com/channel/UCXbboag48Qlr78zzz6SkzkQ,1009,97907,208,00:02:47,2024-08-31T22:00:06-07:00,http://img.youtube.com/vi/C0RMGRmk8YI/maxresdefault.jpg,1,2024-09-02
VIRAMOS A TURMA DO SCOOBY-DOO POR 24 HORAS,UC63iwP6BtIjxB6xn1GKR6Lw,http://www.youtube.com/channel/UC63iwP6BtIjxB6xn1GKR6Lw,50888,2301340,2600,00:12:04,2024-08-31T08:00:46-07:00,http://img.youtube.com/vi/lsPcZjHsN3Y/maxresdefault.jpg,1,2024-09-02
Coloquei o GOKU no FIFA.. E a Cada GOL = +1 OVERALL,UCD9cMUkHNW380sh3_YedolA,http://www.youtube.com/channel/UCD9cMUkHNW380sh3_YedolA,19877,726898,824,00:37:36,2024-08-23T12:30:07-07:00,http://img.youtube.com/vi/qiqffslLsgs/maxresdefault.jpg,1,2024-09-02
GANHEI O PIOR CARRO DE PRESENTE DO TIU LUQUINHA!,UCsMDJc3aq2qxh0bu53gToFQ,http://www.youtube.com/channel/UCsMDJc3aq2qxh0bu53gToFQ,21644,256687,554,00:18:32,2024-08-31T15:15:00-07:00,http://img.youtube.com/vi/2NY3wgdDZG0/maxresdefault.jpg,1,2024-09-02
AO VIVO E COM IMAGENS: REMO X BOTAFOGO | RODADA 01| SEGUNDA FASE | S√âRIE C 2024,UCMcc9elPZGpg6eU4i3YaCpA,http://www.youtube.com/channel/UCMcc9elPZGpg6eU4i3YaCpA,28700,703224,43,02:58:35,2024-08-31T15:54:55-07:00,http://img.youtube.com/vi/-aBbwoq9_Eo/maxresdefault.jpg,1,2024-09-02
the skibidi wars 107 (part 2),UCtMW9MSme3cw-kqhKenF13A,http://www.youtube.com/channel/UCtMW9MSme3cw-kqhKenF13A,50814,1075805,1400,00:05:08,2024-09-01T03:00:06-07:00,http://img.youtube.com/vi/n2YoO9BswU8/maxresdefault.jpg,1,2024-09-02
"ME CHAMA, EU VOU - Rey Vaqueiro e @NatanzinhoLimaOficial (Esquenta do Rey)",UCwWry-1Ho6k4FjPimZYu-nQ,http://www.youtube.com/channel/UCwWry-1Ho6k4FjPimZYu-nQ,7177,165250,442,00:03:33,2024-08-30T14:00:06-07:00,http://img.youtube.com/vi/uRPFIQnjADM/maxresdefault.jpg,1,2024-09-02
PRENDI o PET do meu amigo no VOID...,UCmhx7Q1WRB85e7bF-MHcehA,http://www.youtube.com/channel/UCmhx7Q1WRB85e7bF-MHcehA,6378,120305,294,00:20:57,2024-08-31T05:45:00-07:00,http://img.youtube.com/vi/CzcdpPrcwpI/maxresdefault.jpg,1,2024-09-02
"Mbapp√© DESENCANTA, Real Madrid ofusca estreia de Vitor Roque no Betis e volta a vencer em LALIGA",UCw5-xj3AKqEizC7MvHaIPqA,http://www.youtube.com/channel/UCw5-xj3AKqEizC7MvHaIPqA,93762,1940776,3800,00:10:28,2024-09-01T15:14:06-07:00,http://img.youtube.com/vi/aS3h_onwb0E/maxresdefault.jpg,1,2024-09-02
XP da itens de MIN√âRIO SECRETO no minecraft,UCGR6txIsYGGngIqjIzXt93Q,http://www.youtube.com/channel/UCGR6txIsYGGngIqjIzXt93Q,15905,208841,168,00:18:39,2024-08-30T14:30:05-07:00,http://img.youtube.com/vi/JGu6AcqF4oE/maxresdefault.jpg,1,2024-09-02
Z√© Neto e Cristiano - Pulando o Muro #Intenso,UCRRu9OXVYd5clj2Bs29gUVQ,http://www.youtube.com/channel/UCRRu9OXVYd5clj2Bs29gUVQ,7481,688721,584,00:02:35,2024-08-30T08:00:48-07:00,http://img.youtube.com/vi/grQ991lneo4/maxresdefault.jpg,1,2024-09-02
Voc√™ consegue construir a base MAIS segura do Minecraft?,UCgrFZP2B8H6pWgPL1bAqkiQ,http://www.youtube.com/channel/UCgrFZP2B8H6pWgPL1bAqkiQ,22971,991087,674,00:50:34,2024-08-23T05:00:06-07:00,http://img.youtube.com/vi/5reGZ-NJG7w/maxresdefault.jpg,1,2024-09-02
"MC IG, MC RYAN SP, MC HARIEL - QUER FALAR O QUE? (DJ MURILLO E LT, FEPACHE) [FAIXA 07 - BAD BOYS]",UCYLWk7x2Jg9CRD71MnPRTOg,http://www.youtube.com/channel/UCYLWk7x2Jg9CRD71MnPRTOg,28616,1318690,1100,00:05:30,2024-08-21T17:00:06-07:00,http://img.youtube.com/vi/JJRuIndvE4w/maxresdefault.jpg,1,2024-09-02
FLOOR 2 ENDING + ALL CUTSCENES &amp; BOSSES! - DOORS Floor 2 Update [The Mines],UCmkpamA3VzxnbJuUAY8vMEw,http://www.youtube.com/channel/UCmkpamA3VzxnbJuUAY8vMEw,51512,2842190,4500,00:12:02,2024-08-30T21:13:31-07:00,http://img.youtube.com/vi/IXFKvV0hx20/maxresdefault.jpg,1,2024-09-02
"Victoria, Anitta - GET UP B*TCH! shake ya ass (with Anitta) (Official Video)",UCTbp-9j8d7KanfWwCfY0bqg,http://www.youtube.com/channel/UCTbp-9j8d7KanfWwCfY0bqg,86885,1023171,8800,00:04:14,2024-08-29T15:00:06-07:00,http://img.youtube.com/vi/-RYC77nQKAE/maxresdefault.jpg,1,2024-09-02
24 HORAS IMITANDO O LEOZIN *Sobrevivemos?,UC63iwP6BtIjxB6xn1GKR6Lw,http://www.youtube.com/channel/UC63iwP6BtIjxB6xn1GKR6Lw,95566,5327639,4800,00:10:53,2024-08-26T08:00:34-07:00,http://img.youtube.com/vi/XaEkHoMtc5Q/maxresdefault.jpg,1,2024-09-02
PRENDI 2700 PEIXES TROPICAIS DO MINECRAFT,UCJIl6Ahgkfwg1DRYcg-kY3g,http://www.youtube.com/channel/UCJIl6Ahgkfwg1DRYcg-kY3g,28144,971599,2300,00:26:57,2024-08-22T06:28:03-07:00,http://img.youtube.com/vi/gwuQ_Cp-oG8/maxresdefault.jpg,1,2024-09-02
"MC Hariel, MC Kelvinho, MC Tuto, MC Don Juan e MC Jo√£ozinho VT - Marola Estrangeira - FUNK SUPERA√á√ÉO",UCU06XOgERkQV7xCsrNLTf4Q,http://www.youtube.com/channel/UCU06XOgERkQV7xCsrNLTf4Q,24870,517795,472,00:06:52,2024-08-29T17:00:08-07:00,http://img.youtube.com/vi/nQ064CgTQxE/maxresdefault.jpg,1,2024-09-02
"$1 vs $20,000 Football Seats",UCop6604O_QwmEum6e0Riz2w,http://www.youtube.com/channel/UCop6604O_QwmEum6e0Riz2w,110204,8516984,3200,00:32:25,2024-08-24T05:00:39-07:00,http://img.youtube.com/vi/_9LXdVwoHmU/maxresdefault.jpg,1,2024-09-02
skibidi toilet 77 (part 2),UCsSsgPaZ2GSmO6il8Cb5iGA,http://www.youtube.com/channel/UCsSsgPaZ2GSmO6il8Cb5iGA,708105,12424828,53000,00:03:15,2024-08-31T10:00:49-07:00,http://img.youtube.com/vi/x1HMTr0mp8U/maxresdefault.jpg,1,2024-09-02
VERGONHOSO: SANTOS FAZ 2-0 E MESMO COM UM JOGADOR A MAIS CEDE EMPATE,UCOSdNJnoPI6rxbrFihfd99A,http://www.youtube.com/channel/UCOSdNJnoPI6rxbrFihfd99A,9659,95958,2000,00:14:12,2024-08-30T20:58:29-07:00,http://img.youtube.com/vi/PZiPrkNxBdw/maxresdefault.jpg,1,2024-09-02
"Raphinha brilha com hat-trick, e Barcelona atropela o Real Valladolid em LALIGA",UCw5-xj3AKqEizC7MvHaIPqA,http://www.youtube.com/channel/UCw5-xj3AKqEizC7MvHaIPqA,79414,1518573,3400,00:10:43,2024-08-31T10:18:35-07:00,http://img.youtube.com/vi/TwrJup8dY1w/maxresdefault.jpg,1,2024-09-02
"WELCOME TO THE FAMILY, MOE! (Brawl Stars Animation)",UCooVYzDxdwTtGYAkcPmOgOw,http://www.youtube.com/channel/UCooVYzDxdwTtGYAkcPmOgOw,287130,10469573,11000,00:00:39,2024-08-29T01:16:15-07:00,http://img.youtube.com/vi/nkv5GsbUUfQ/maxresdefault.jpg,1,2024-09-02
"Pega N√≥is, N√£o Pega N√£o - MC Tuto, MC Cebezinho e MC Kako (√Åudio Oficial) DJ Oreia",UC1erzuuEMuxBcKHEBTigaCg,http://www.youtube.com/channel/UC1erzuuEMuxBcKHEBTigaCg,47939,3084254,817,00:04:57,2024-08-19T17:04:20-07:00,http://img.youtube.com/vi/pNEj9LTu6QE/maxresdefault.jpg,1,2024-09-02
LE√ÉO VENCE NO IN√çCIO DA 2¬™ FASE - Remo 2x1 Botafogo - Melhores Momentos - S√©rie C,UCMcc9elPZGpg6eU4i3YaCpA,http://www.youtube.com/channel/UCMcc9elPZGpg6eU4i3YaCpA,2884,122800,253,00:07:29,2024-08-31T16:30:31-07:00,http://img.youtube.com/vi/mKdTMWB40t0/maxresdefault.jpg,1,2024-09-02
"NOIS J√Å T√Å RICO - MC IG, MC Ryan SP e Orochi (DJ Glenner, DJ Negret) Bad Boys",UCNUQK9mQoqi4yNXw2_Rj6SA,http://www.youtube.com/channel/UCNUQK9mQoqi4yNXw2_Rj6SA,55462,2263566,2300,00:04:43,2024-08-21T17:00:07-07:00,http://img.youtube.com/vi/_-BSqyx2XZc/maxresdefault.jpg,1,2024-09-02
ZERANDO O MINECRAFT AO CONTR√ÅRIO (Em dupla),UCukwGwBD-pAbGzoJo6ZXPtQ,http://www.youtube.com/channel/UCukwGwBD-pAbGzoJo6ZXPtQ,50214,2051818,1600,00:34:37,2024-08-23T05:00:31-07:00,http://img.youtube.com/vi/KLIpmGpzVgE/maxresdefault.jpg,1,2024-09-02
"COPA FLA BY PIXBET - FINAL - FLAMENGO, FLUXO, DOLLARS, NOISE, FAZ O P - AO VIVO - 31/08",UCOa-WaNwQaoyFHLCDk7qKIw,http://www.youtube.com/channel/UCOa-WaNwQaoyFHLCDk7qKIw,40902,546270,97,04:33:05,2024-08-31T19:50:34-07:00,http://img.youtube.com/vi/MXusGy2f6Jk/maxresdefault.jpg,1,2024-09-02
Sabrina Carpenter - Taste (Official Video),UC4mYKePIas5YgGfYZ2J2OxQ,http://www.youtube.com/channel/UC4mYKePIas5YgGfYZ2J2OxQ,2078667,45912096,63000,00:03:18,2024-08-23T07:00:08-07:00,http://img.youtube.com/vi/KEG7b851Ric/maxresdefault.jpg,1,2024-09-02
"Build The Deadliest Toy Car, Win $1,000!",UClQ3NafOy_42dJ0toK3QUKw,http://www.youtube.com/channel/UClQ3NafOy_42dJ0toK3QUKw,74171,4716913,3500,00:40:23,2024-09-01T11:22:57-07:00,http://img.youtube.com/vi/S3UQfZWNTpY/maxresdefault.jpg,1,2024-09-02
CEAR√Å X NOVORIZONTINO | BRASILEIR√ÉO S√âRIE B 2024 | AO VIVO E COM IMAGENS,UC_oToDrJ6uca7d1dFVBmLtg,http://www.youtube.com/channel/UC_oToDrJ6uca7d1dFVBmLtg,35177,691027,16,03:54:03,2024-08-26T20:40:15-07:00,http://img.youtube.com/vi/7j7Kbf6F4hA/maxresdefault.jpg,1,2024-09-02
"If You Clean It, You Keep It!",UClQ3NafOy_42dJ0toK3QUKw,http://www.youtube.com/channel/UClQ3NafOy_42dJ0toK3QUKw,440383,31660497,20000,00:46:07,2024-08-20T11:38:45-07:00,http://img.youtube.com/vi/tehvSP4WJmQ/maxresdefault.jpg,1,2024-09-02
A hist√≥ria das traps no Minecraft,UCghoGp6lvf3Lfu9cYdfIqtw,http://www.youtube.com/channel/UCghoGp6lvf3Lfu9cYdfIqtw,10990,181828,741,00:18:17,2024-08-31T19:54:09-07:00,http://img.youtube.com/vi/OSjY_wCnv1s/maxresdefault.jpg,1,2024-09-02
GR√äMIO 2 X 3 ATL√âTICO-MG | MELHORES MOMENTOS | 25¬™ RODADA BRASILEIR√ÉO 2024 | ge.globo,UCgCKagVhzGnZcuP9bSMgMCg,http://www.youtube.com/channel/UCgCKagVhzGnZcuP9bSMgMCg,25954,847439,3200,00:03:31,2024-09-01T09:19:27-07:00,http://img.youtube.com/vi/ByQNok9lxnQ/maxresdefault.jpg,1,2024-09-02
Nattan e Melody - Eu Vou Sentar (DVD Estilo Nattanzinho),UC3EPFEI1TdOtPdDPS1nRt2w,http://www.youtube.com/channel/UC3EPFEI1TdOtPdDPS1nRt2w,29040,3923714,760,00:02:29,2024-08-23T06:59:17-07:00,http://img.youtube.com/vi/aKwDqCGhR58/maxresdefault.jpg,1,2024-09-02
BRUSQUE X SPORT | BRASILEIR√ÉO S√âRIE B 2024 | AO VIVO E COM IMAGENS,UC_oToDrJ6uca7d1dFVBmLtg,http://www.youtube.com/channel/UC_oToDrJ6uca7d1dFVBmLtg,27120,675109,13,02:34:10,2024-08-27T19:20:27-07:00,http://img.youtube.com/vi/q8AnjOnZSH4/maxresdefault.jpg,1,2024-09-02
Patricia Abravanel fala pela primeira vez ap√≥s partida de Silvio Santos,UC-5npwFvOH9Mp_a15T0VT9g,http://www.youtube.com/channel/UC-5npwFvOH9Mp_a15T0VT9g,29661,525786,1300,00:07:33,2024-09-01T15:00:04-07:00,http://img.youtube.com/vi/8kji5g-qWoU/maxresdefault.jpg,1,2024-09-02
Race Highlights | 2024 Italian Grand Prix,UCB_qr75-ydFVKSF9Dmo6izg,http://www.youtube.com/channel/UCB_qr75-ydFVKSF9Dmo6izg,115724,4737441,5000,00:08:14,2024-09-01T08:44:10-07:00,http://img.youtube.com/vi/sTmpbEYUba0/maxresdefault.jpg,1,2024-09-02
"MANO BROWN, MC IG, MC PH, MC RYAN SP (DJ GLENNER) [FAIXA 01 - BAD BOYS]",UCYLWk7x2Jg9CRD71MnPRTOg,http://www.youtube.com/channel/UCYLWk7x2Jg9CRD71MnPRTOg,48614,1579206,1500,00:05:51,2024-08-21T17:00:06-07:00,http://img.youtube.com/vi/KPY1lpzY6Gg/maxresdefault.jpg,1,2024-09-02
FUGI PELO MAR PERIGOSO DOS MEUS PAIS MALVADOS!! (SCHOOLBOY RUNAWAY),UCPl_3zCQnCB4Iv79UD_i-5A,http://www.youtube.com/channel/UCPl_3zCQnCB4Iv79UD_i-5A,13183,199727,196,00:21:29,2024-08-31T17:42:25-07:00,http://img.youtube.com/vi/gZVJVPsew_Y/maxresdefault.jpg,1,2024-09-02
O MURDER EST√Å DE F√âRIAS NA PRAIA! (Murder Mystery 2),UCEOGSdXwcXcNfcuDGbjmgOw,http://www.youtube.com/channel/UCEOGSdXwcXcNfcuDGbjmgOw,24042,370361,3100,00:12:48,2024-09-01T07:00:18-07:00,http://img.youtube.com/vi/LoCGtNYitJY/maxresdefault.jpg,1,2024-09-02
MC Daniel - N√ÉO PARA  feat. Ludmilla (CLIPE OFICIAL),UCwnSOhrpJLe-bwARGDMQEVA,http://www.youtube.com/channel/UCwnSOhrpJLe-bwARGDMQEVA,27157,758595,962,00:02:17,2024-08-27T16:00:07-07:00,http://img.youtube.com/vi/i6OoPQ9lZu0/maxresdefault.jpg,1,2024-09-02
BOTAFOGO 2 X 0 FORTALEZA | MELHORES MOMENTOS | 25¬™ RODADA BRASILEIR√ÉO 2024 | ge.globo,UCgCKagVhzGnZcuP9bSMgMCg,http://www.youtube.com/channel/UCgCKagVhzGnZcuP9bSMgMCg,29816,1015395,2500,00:03:57,2024-08-31T19:11:20-07:00,http://img.youtube.com/vi/Ta151tRJatw/maxresdefault.jpg,1,2024-09-02
skibidi toilet zombie universe 41 ( New Virus),UCSKtuoTEJ-1WS-ZUzfx_SIw,http://www.youtube.com/channel/UCSKtuoTEJ-1WS-ZUzfx_SIw,71835,1729248,3000,00:03:00,2024-09-01T03:10:07-07:00,http://img.youtube.com/vi/retpjIil62E/maxresdefault.jpg,1,2024-09-02
PASSAMOS 100 HORAS BRIGANDO *Grupo dos rosa,UC63iwP6BtIjxB6xn1GKR6Lw,http://www.youtube.com/channel/UC63iwP6BtIjxB6xn1GKR6Lw,73388,2639192,4200,00:09:55,2024-08-30T08:01:03-07:00,http://img.youtube.com/vi/udKHuARqBmQ/maxresdefault.jpg,1,2024-09-02
Vida de Peixe no Minecraft,UCrcBZDofBltcgGxphNia2tw,http://www.youtube.com/channel/UCrcBZDofBltcgGxphNia2tw,18402,581551,1200,00:26:38,2024-08-31T06:10:29-07:00,http://img.youtube.com/vi/yrSmFNDCsHM/maxresdefault.jpg,1,2024-09-02
O QUE FOI ISSO?? N√ÉO D√Å MAIS PARA AGUENTAR!! NOSSA CASA NO BRASIL/ NUBIA VIANA,UCq6FbZEjOg3YDUuHcH6E4uA,http://www.youtube.com/channel/UCq6FbZEjOg3YDUuHcH6E4uA,20206,138558,2200,00:20:10,2024-08-30T14:40:48-07:00,http://img.youtube.com/vi/PDBO54nRumU/maxresdefault.jpg,1,2024-09-02
Luan Santana - CLONE (Ao Vivo na Lua),UC6rwiIxv0w2fbmmr66wl1rA,http://www.youtube.com/channel/UC6rwiIxv0w2fbmmr66wl1rA,43632,5117060,3000,00:02:44,2024-08-23T08:00:06-07:00,http://img.youtube.com/vi/7sqvbH_ONcc/maxresdefault.jpg,1,2024-09-02
ENDR1K √â O MELHOR BRASILEIRO ATUANDO NA EUROPA! TEVE GOLA√áO DA J√ìIA BRASILEIRA NA VIT√ìRIA DO RE4L,UClHJ7hWP-oGSOlZyeuqyBww,http://www.youtube.com/channel/UClHJ7hWP-oGSOlZyeuqyBww,14752,1129127,629,00:08:46,2024-08-31T14:42:57-07:00,http://img.youtube.com/vi/FCFW-UOifNk/maxresdefault.jpg,1,2024-09-02
Discover the BEST Autumn Festivities in Hay Day!,UCBrMq7wkdPWb3PxR-GUR61A,http://www.youtube.com/channel/UCBrMq7wkdPWb3PxR-GUR61A,16603,775937,954,00:02:51,2024-08-31T00:45:02-07:00,http://img.youtube.com/vi/WaVyT0fcSkw/maxresdefault.jpg,1,2024-09-02
Grupo Menos √© Mais - Cora√ß√£o Partido (Clipe Oficial),UCmkSzYG4ykYKFE4Ow0030zw,http://www.youtube.com/channel/UCmkSzYG4ykYKFE4Ow0030zw,50771,2169282,1400,00:03:14,2024-08-30T07:00:07-07:00,http://img.youtube.com/vi/n5wxZ_OBUXk/maxresdefault.jpg,1,2024-09-02
CORINTHIANS 2 X 1 FLAMENGO | MELHORES MOMENTOS | 25¬™ RODADA BRASILEIR√ÉO 2024 | ge.globo,UCgCKagVhzGnZcuP9bSMgMCg,http://www.youtube.com/channel/UCgCKagVhzGnZcuP9bSMgMCg,43406,1191539,3500,00:03:57,2024-09-01T14:38:26-07:00,http://img.youtube.com/vi/0OLuPL3ul3A/maxresdefault.jpg,1,2024-09-02
DESTRUINDO O PC DA MINHA NAMORADA!,UCJO_H1wW8zWTA1yHVy2s-Fw,http://www.youtube.com/channel/UCJO_H1wW8zWTA1yHVy2s-Fw,17288,146833,800,00:31:48,2024-08-31T13:00:06-07:00,http://img.youtube.com/vi/7HEYVtyNd3s/maxresdefault.jpg,1,2024-09-02
"MC Cebezinho, MC Tuto, MC Kako - A Danada Me Ligando  - PEGA N√ìS, N√ÉO PEGA N√ÉO - DJ OREIA",UCEpCeCLUp6Oy75p7WixzjcA,http://www.youtube.com/channel/UCEpCeCLUp6Oy75p7WixzjcA,79128,2726260,1100,00:04:47,2024-08-28T08:00:08-07:00,http://img.youtube.com/vi/Ps042FNImds/maxresdefault.jpg,1,2024-09-02
Debate Prefeitura de S√£o Paulo - 1¬∫ Turno - Completo - TV Gazeta (01/09/2024),UCNl_i-ggJbZNyOLlhE7yyhw,http://www.youtube.com/channel/UCNl_i-ggJbZNyOLlhE7yyhw,92281,2363814,13000,02:35:38,2024-09-01T17:11:34-07:00,http://img.youtube.com/vi/8_13HMgZGiM/maxresdefault.jpg,1,2024-09-02
Qualifying Highlights | 2024 Italian Grand Prix,UCB_qr75-ydFVKSF9Dmo6izg,http://www.youtube.com/channel/UCB_qr75-ydFVKSF9Dmo6izg,78134,3668129,2800,00:07:18,2024-08-31T08:33:36-07:00,http://img.youtube.com/vi/0ZAc44H69wY/maxresdefault.jpg,1,2024-09-02
MC Luuky - Nem Ligo pro Amor üíî (Clipe Oficial) Oldilla,UCG90vRbG7aMXu0nD0DQ2wFA,http://www.youtube.com/channel/UCG90vRbG7aMXu0nD0DQ2wFA,24913,561159,8500,00:02:54,2024-08-30T08:00:07-07:00,http://img.youtube.com/vi/aRu1y9A4orU/maxresdefault.jpg,1,2024-09-02
"Jorge &amp; Mateus, Henrique &amp; Juliano - Xonei (Clipe Oficial)",UCL64gn1KZ1C-u87BGQv3b6w,http://www.youtube.com/channel/UCL64gn1KZ1C-u87BGQv3b6w,106704,8383729,6200,00:02:38,2024-08-16T07:00:05-07:00,http://img.youtube.com/vi/a3FDFSMz5JQ/maxresdefault.jpg,1,2024-09-02
O mist√©rio do jogo mais macabro do Roblox,UCo-SyplR7M1ZC1w0YhwMa8w,http://www.youtube.com/channel/UCo-SyplR7M1ZC1w0YhwMa8w,50372,535976,1900,00:41:50,2024-08-30T15:29:43-07:00,http://img.youtube.com/vi/XoCeJhACk8E/maxresdefault.jpg,1,2024-09-02
RAVI EST√Å QUASE ANDANDO SOZINHO ! * Incr√≠vel - Fran Japa,UCEhM0eu3Y95XnVjDpTd4Jgg,http://www.youtube.com/channel/UCEhM0eu3Y95XnVjDpTd4Jgg,3144,104125,,00:10:28,2024-09-02T15:00:09-07:00,http://img.youtube.com/vi/9jfrBQLK_Uk/maxresdefault.jpg,1,2024-09-04
Sonic 3: O Filme | Trailer Oficial | DUB | Paramount Pictures Brasil,UCgqD3GdUEfupsdY1kmFLIrw,http://www.youtube.com/channel/UCgqD3GdUEfupsdY1kmFLIrw,137850,5889732,,00:02:57,2024-08-27T06:01:07-07:00,http://img.youtube.com/vi/TXPkr5HcvBs/maxresdefault.jpg,1,2024-09-04
SOBREVIVENDO 24 HORAS na CASA NA √ÅGUA *desistimos?,UC371icpvZj2oQaocL0i9L-g,http://www.youtube.com/channel/UC371icpvZj2oQaocL0i9L-g,,573391,844,00:21:54,2024-09-02T08:13:00-07:00,http://img.youtube.com/vi/h8Y9M7vgvkA/maxresdefault.jpg,1,2024-09-04
,UCj0rz9HZ7N_a49mLaJGHP6A,http://www.youtube.com/channel/UCj0rz9HZ7N_a49mLaJGHP6A,81647,1412879,3900,00:02:26,2024-08-27T16:00:06-07:00,http://img.youtube.com/vi/XlL6YhYUaAs/maxresdefault.jpg,1,2024-09-04
,UCj0rz9HZ7N_a49mLaJGHP6A,http://www.youtube.com/channel/UCj0rz9HZ7N_a49mLaJGHP6A,76823,1162670,3800,00:02:26,2024-08-27T16:00:06-07:00,http://img.youtube.com/vi/XlL6YhYUaAs/maxresdefault.jpg,1,2024-09-02
SOBREVIVENDO 24 HORAS na CASA NA √ÅGUA *desistimos?,UC371icpvZj2oQaocL0i9L-g,http://www.youtube.com/channel/UC371icpvZj2oQaocL0i9L-g,,156117,409,00:21:54,2024-09-02T08:13:00-07:00,http://img.youtube.com/vi/h8Y9M7vgvkA/maxresdefault.jpg,1,2024-09-02
Sonic 3: O Filme | Trailer Oficial | DUB | Paramount Pictures Brasil,UCgqD3GdUEfupsdY1kmFLIrw,http://www.youtube.com/channel/UCgqD3GdUEfupsdY1kmFLIrw,132100,5726547,,00:02:57,2024-08-27T06:01:07-07:00,http://img.youtube.com/vi/TXPkr5HcvBs/maxresdefault.jpg,1,2024-09-02
